series,model,year,forecast,selected,lower,upper
Total,Naive (last value),2021,953.0,True,593.3,1312.7
Total,Naive (last value),2022,953.0,True,444.4,1461.6
Total,Naive (last value),2023,953.0,True,330.1,1575.9
Total,Naive (last value),2024,953.0,True,233.7,1672.3
Total,Naive (last value),2025,953.0,True,148.8,1757.2
Total,Linear trend,2021,1212.9,False,,
Total,Linear trend,2022,1307.6,False,,
Total,Linear trend,2023,1402.3,False,,
Total,Linear trend,2024,1497.0,False,,
Total,Linear trend,2025,1591.7,False,,
Total,Linear (last 5 yrs),2021,1042.3,False,,
Total,Linear (last 5 yrs),2022,1052.6,False,,
Total,Linear (last 5 yrs),2023,1062.9,False,,
Total,Linear (last 5 yrs),2024,1073.2,False,,
Total,Linear (last 5 yrs),2025,1083.5,False,,
Total,Log-linear (exponential),2021,1706.5,False,,
Total,Log-linear (exponential),2022,2090.3,False,,
Total,Log-linear (exponential),2023,2560.5,False,,
Total,Log-linear (exponential),2024,3136.3,False,,
Total,Log-linear (exponential),2025,3841.7,False,,
Total,Quadratic trend,2021,1322.9,False,,
Total,Quadratic trend,2022,1464.8,False,,
Total,Quadratic trend,2023,1612.9,False,,
Total,Quadratic trend,2024,1767.3,False,,
Total,Quadratic trend,2025,1928.0,False,,
Total,Holt damped trend,2021,928.3,False,,
Total,Holt damped trend,2022,900.6,False,,
Total,Holt damped trend,2023,878.5,False,,
Total,Holt damped trend,2024,860.8,False,,
Total,Holt damped trend,2025,846.6,False,,
Movie,Naive (last value),2021,517.0,True,224.6,809.4
Movie,Naive (last value),2022,517.0,True,103.5,930.5
Movie,Naive (last value),2023,517.0,True,10.6,1023.4
Movie,Naive (last value),2024,517.0,True,0.0,1101.8
Movie,Naive (last value),2025,517.0,True,0.0,1170.8
Movie,Linear trend,2021,780.7,False,,
Movie,Linear trend,2022,838.1,False,,
Movie,Linear trend,2023,895.5,False,,
Movie,Linear trend,2024,952.9,False,,
Movie,Linear trend,2025,1010.3,False,,
Movie,Linear (last 5 yrs),2021,543.1,False,,
Movie,Linear (last 5 yrs),2022,501.6,False,,
Movie,Linear (last 5 yrs),2023,460.1,False,,
Movie,Linear (last 5 yrs),2024,418.6,False,,
Movie,Linear (last 5 yrs),2025,377.1,False,,
Movie,Log-linear (exponential),2021,1030.5,False,,
Movie,Log-linear (exponential),2022,1229.8,False,,
Movie,Log-linear (exponential),2023,1467.7,False,,
Movie,Log-linear (exponential),2024,1751.7,False,,
Movie,Log-linear (exponential),2025,2090.5,False,,
Movie,Quadratic trend,2021,768.7,False,,
Movie,Quadratic trend,2022,821.0,False,,
Movie,Quadratic trend,2023,872.7,False,,
Movie,Quadratic trend,2024,923.6,False,,
Movie,Quadratic trend,2025,973.9,False,,
Movie,Holt damped trend,2021,464.9,False,,
Movie,Holt damped trend,2022,415.0,False,,
Movie,Holt damped trend,2023,375.2,False,,
Movie,Holt damped trend,2024,343.3,False,,
Movie,Holt damped trend,2025,317.7,False,,
TV Show,Naive (last value),2021,436.0,False,,
TV Show,Naive (last value),2022,436.0,False,,
TV Show,Naive (last value),2023,436.0,False,,
TV Show,Naive (last value),2024,436.0,False,,
TV Show,Naive (last value),2025,436.0,False,,
TV Show,Linear trend,2021,432.2,False,,
TV Show,Linear trend,2022,469.5,False,,
TV Show,Linear trend,2023,506.8,False,,
TV Show,Linear trend,2024,544.1,False,,
TV Show,Linear trend,2025,581.4,False,,
TV Show,Linear (last 5 yrs),2021,499.2,False,,
TV Show,Linear (last 5 yrs),2022,551.0,False,,
TV Show,Linear (last 5 yrs),2023,602.8,False,,
TV Show,Linear (last 5 yrs),2024,654.6,False,,
TV Show,Linear (last 5 yrs),2025,706.4,False,,
TV Show,Log-linear (exponential),2021,699.3,False,,
TV Show,Log-linear (exponential),2022,913.5,False,,
TV Show,Log-linear (exponential),2023,1193.2,False,,
TV Show,Log-linear (exponential),2024,1558.6,False,,
TV Show,Log-linear (exponential),2025,2036.0,False,,
TV Show,Quadratic trend,2021,554.2,False,,
TV Show,Quadratic trend,2022,643.7,False,,
TV Show,Quadratic trend,2023,740.2,False,,
TV Show,Quadratic trend,2024,843.7,False,,
TV Show,Quadratic trend,2025,954.2,False,,
TV Show,Holt damped trend,2021,484.3,True,394.2,574.3
TV Show,Holt damped trend,2022,527.1,True,399.8,654.4
TV Show,Holt damped trend,2023,569.1,True,413.2,725.0
TV Show,Holt damped trend,2024,610.3,True,430.2,790.3
TV Show,Holt damped trend,2025,650.6,True,449.3,851.9
Total (bottom-up),Best Movie + best TV Show,2021,1001.3,False,,
Total (bottom-up),Best Movie + best TV Show,2022,1044.1,False,,
Total (bottom-up),Best Movie + best TV Show,2023,1086.1,False,,
Total (bottom-up),Best Movie + best TV Show,2024,1127.3,False,,
Total (bottom-up),Best Movie + best TV Show,2025,1167.6,False,,
