release_year,Movie,TV Show,Total,tv_share_pct,yoy_growth_pct,is_partial
1925,0,1,1,100.0,,False
1926,0,0,0,,-100.0,False
1927,0,0,0,,,False
1928,0,0,0,,,False
1929,0,0,0,,,False
1930,0,0,0,,,False
1931,0,0,0,,,False
1932,0,0,0,,,False
1933,0,0,0,,,False
1934,0,0,0,,,False
1935,0,0,0,,,False
1936,0,0,0,,,False
1937,0,0,0,,,False
1938,0,0,0,,,False
1939,0,0,0,,,False
1940,0,0,0,,,False
1941,0,0,0,,,False
1942,2,0,2,0.0,inf,False
1943,3,0,3,0.0,50.0,False
1944,3,0,3,0.0,0.0,False
1945,3,1,4,25.0,33.3,False
1946,1,1,2,50.0,-50.0,False
1947,1,0,1,0.0,-50.0,False
1948,0,0,0,,-100.0,False
1949,0,0,0,,,False
1950,0,0,0,,,False
1951,0,0,0,,,False
1952,0,0,0,,,False
1953,0,0,0,,,False
1954,2,0,2,0.0,inf,False
1955,3,0,3,0.0,50.0,False
1956,2,0,2,0.0,-33.3,False
1957,0,0,0,,-100.0,False
1958,3,0,3,0.0,inf,False
1959,1,0,1,0.0,-66.7,False
1960,4,0,4,0.0,300.0,False
1961,1,0,1,0.0,-75.0,False
1962,3,0,3,0.0,200.0,False
1963,1,1,2,50.0,-33.3,False
1964,2,0,2,0.0,0.0,False
1965,2,0,2,0.0,0.0,False
1966,1,0,1,0.0,-50.0,False
1967,4,1,5,20.0,400.0,False
1968,3,0,3,0.0,-40.0,False
1969,2,0,2,0.0,-33.3,False
1970,2,0,2,0.0,0.0,False
1971,5,0,5,0.0,150.0,False
1972,4,1,5,20.0,0.0,False
1973,10,0,10,0.0,100.0,False
1974,6,1,7,14.3,-30.0,False
1975,7,0,7,0.0,0.0,False
1976,9,0,9,0.0,28.6,False
1977,6,1,7,14.3,-22.2,False
1978,7,0,7,0.0,0.0,False
1979,10,1,11,9.1,57.1,False
1980,11,0,11,0.0,0.0,False
1981,12,1,13,7.7,18.2,False
1982,17,0,17,0.0,30.8,False
1983,11,0,11,0.0,-35.3,False
1984,12,0,12,0.0,9.1,False
1985,9,1,10,10.0,-16.7,False
1986,11,2,13,15.4,30.0,False
1987,8,0,8,0.0,-38.5,False
1988,16,2,18,11.1,125.0,False
1989,15,1,16,6.2,-11.1,False
1990,19,3,22,13.6,37.5,False
1991,16,1,17,5.9,-22.7,False
1992,20,3,23,13.0,35.3,False
1993,24,4,28,14.3,21.7,False
1994,20,2,22,9.1,-21.4,False
1995,23,2,25,8.0,13.6,False
1996,21,3,24,12.5,-4.0,False
1997,34,4,38,10.5,58.3,False
1998,32,4,36,11.1,-5.3,False
1999,32,7,39,17.9,8.3,False
2000,33,4,37,10.8,-5.1,False
2001,40,5,45,11.1,21.6,False
2002,44,7,51,13.7,13.3,False
2003,51,8,59,13.6,15.7,False
2004,55,9,64,14.1,8.5,False
2005,67,13,80,16.2,25.0,False
2006,82,14,96,14.6,20.0,False
2007,74,14,88,15.9,-8.3,False
2008,113,22,135,16.3,53.4,False
2009,118,34,152,22.4,12.6,False
2010,153,39,192,20.3,26.3,False
2011,145,40,185,21.6,-3.6,False
2012,173,63,236,26.7,27.6,False
2013,225,61,286,21.3,21.2,False
2014,264,88,352,25.0,23.1,False
2015,396,159,555,28.6,57.7,False
2016,658,243,901,27.0,62.3,False
2017,765,265,1030,25.7,14.3,False
2018,766,378,1144,33.0,11.1,False
2019,632,397,1029,38.6,-10.1,False
2020,517,436,953,45.8,-7.4,False
2021,277,315,592,53.2,-37.9,True
