,macro_f1_drop
genre_Kids' TV,0.14102
genre_Children & Family Movies,0.06288
duration_minutes,0.02795
country_India,0.0157
genre_Documentaries,0.00728
genre_Stand-Up Comedy,0.00519
year_added,0.00298
genre_Faith & Spirituality,0.00286
genre_Docuseries,0.00219
country_Mexico,0.00208
genre_Sci-Fi & Fantasy,0.00186
genre_Horror Movies,0.00177
genre_Anime Features,0.00176
genre_Reality TV,0.00171
country_United Kingdom,0.00163
genre_Science & Nature TV,0.0016
genre_Movies,0.00159
country_Pakistan,0.00149
genre_Action & Adventure,0.00142
country_United States,0.0014
country_France,0.00123
country_Japan,0.00107
genre_Anime Series,0.00106
country_Australia,0.00106
genre_TV Horror,0.00095
genre_Romantic TV Shows,0.0009
genre_Independent Movies,0.00082
genre_Sports Movies,0.0008
genre_TV Mysteries,0.00047
country_China,0.00037
genre_Spanish-Language TV Shows,0.00029
genre_Stand-Up Comedy & Talk Shows,0.00016
country_Indonesia,4e-05
genre_Thrillers,4e-05
genre_Teen TV Shows,0.0
genre_Classic & Cult TV,0.0
genre_TV Shows,0.0
genre_LGBTQ Movies,0.0
genre_Comedies,-1e-05
country_Egypt,-2e-05
country_Germany,-4e-05
genre_Cult Movies,-7e-05
genre_British TV Shows,-0.00014
country_Nigeria,-0.00018
genre_Music & Musicals,-0.00019
seasons,-0.0002
is_tv_show,-0.00022
genre_Classic Movies,-0.00033
country_Canada,-0.00044
country_South Korea,-0.00046
genre_TV Action & Adventure,-0.00047
genre_Korean TV Shows,-0.00047
country_Taiwan,-0.00047
num_genres,-0.00048
country_Brazil,-0.00066
genre_Romantic Movies,-0.00086
genre_TV Comedies,-0.00086
country_Philippines,-0.00086
genre_International TV Shows,-0.00086
country_Turkey,-0.00089
genre_TV Thrillers,-0.00093
genre_Crime TV Shows,-0.001
country_Spain,-0.00101
years_to_netflix,-0.00105
country_missing,-0.00124
country_Other,-0.00125
genre_Dramas,-0.00137
genre_TV Sci-Fi & Fantasy,-0.00167
month_added,-0.00192
genre_International Movies,-0.00353
genre_TV Dramas,-0.00405
release_year,-0.00456
