feature_set,macro_f1,std,delta_vs_all
ALL groups,0.7256,0.012,0.0
drop 'dates',0.7128,0.0182,-0.0128
drop 'director info',0.7242,0.0136,-0.0014
drop 'country',0.7068,0.0077,-0.0188
drop 'title words',0.7242,0.0184,-0.0014
drop 'type & duration',0.7075,0.014,-0.0181
drop 'genres',0.5458,0.0112,-0.1798
only 'dates',0.391,0.0189,-0.3346
only 'director info',0.2817,0.0087,-0.4439
only 'country',0.376,0.0134,-0.3496
only 'title words',0.3503,0.0106,-0.3753
only 'type & duration',0.3797,0.01,-0.3459
only 'genres',0.6634,0.0121,-0.0622
